class,feature_kr,feature_value,shap_value
인하,WTI 유가 YoY,-22.3069,0.31683025
인하,WTI 유가 YoY,-14.5418,0.22715433
인하,WTI 유가 YoY,-16.3936,0.23485161
인하,WTI 유가 YoY,-15.4147,0.23970543
인하,WTI 유가 YoY,-8.9408,0.16360652
인하,WTI 유가 YoY,-15.4188,0.23467462
인하,WTI 유가 YoY,-14.1387,0.11828767
인하,WTI 유가 YoY,-17.3274,0.23057361
인하,WTI 유가 YoY,-20.7288,0.30822906
인하,WTI 유가 YoY,-9.8141,0.1612772
인하,WTI 유가 YoY,33.9097,-0.31842917
인하,WTI 유가 YoY,57.8848,-0.37773398
인하,WTI 유가 YoY,9.9589,-0.29088405
인하,미국 연방기금금리 6개월모멘텀,-0.31,0.2003484
인하,미국 연방기금금리 6개월모멘텀,-0.15,0.16880082
인하,미국 연방기금금리 6개월모멘텀,0.0,-0.07060352
인하,미국 연방기금금리 6개월모멘텀,0.0,-0.068015374
인하,미국 연방기금금리 6개월모멘텀,-0.11,0.16874847
인하,미국 연방기금금리 6개월모멘텀,-0.24,0.16767468
인하,미국 연방기금금리 6개월모멘텀,-0.45,0.18059807
인하,미국 연방기금금리 6개월모멘텀,-0.61,0.15540835
인하,미국 연방기금금리 6개월모멘텀,-0.69,0.13417922
인하,미국 연방기금금리 6개월모멘텀,-0.69,0.14798462
인하,미국 연방기금금리 6개월모멘텀,-0.58,0.12818684
인하,미국 연방기금금리 6개월모멘텀,-0.45,0.2151267
인하,미국 연방기금금리 6개월모멘텀,-2.0681,0.1597273
인하,한국 소비자물가지수 YoY,1.9018,-0.03285445
인하,한국 소비자물가지수 YoY,2.1697,-0.02691151
인하,한국 소비자물가지수 YoY,2.0941,-0.046827022
인하,한국 소비자물가지수 YoY,1.6675,-0.018083792
인하,한국 소비자물가지수 YoY,2.102,-0.018929392
인하,한국 소비자물가지수 YoY,2.3803,-0.07816301
인하,한국 소비자물가지수 YoY,2.4476,-0.05736075
인하,한국 소비자물가지수 YoY,2.3149,-0.069837734
인하,한국 소비자물가지수 YoY,2.005,-0.020265149
인하,한국 소비자물가지수 YoY,1.9986,-0.021664284
인하,한국 소비자물가지수 YoY,2.1584,-0.015603326
인하,한국 소비자물가지수 YoY,2.5692,-0.078977644
인하,한국 소비자물가지수 YoY,-10.9121,0.030522356
인하,원/달러 환율 YoY,1.9579,-0.029053072
인하,원/달러 환율 YoY,-1.042,-0.11833763
인하,원/달러 환율 YoY,-0.199,-0.03542277
인하,원/달러 환율 YoY,2.7793,-0.025355231
인하,원/달러 환율 YoY,4.675,-0.030154672
인하,원/달러 환율 YoY,4.4562,-0.028644076
인하,원/달러 환율 YoY,4.6494,-0.023706222
인하,원/달러 환율 YoY,1.7611,-0.039865457
인하,원/달러 환율 YoY,0.2279,-0.04899897
인하,원/달러 환율 YoY,0.173,-0.047130782
인하,원/달러 환율 YoY,2.2059,-0.022730483
인하,원/달러 환율 YoY,3.0574,-0.020120848
인하,원/달러 환율 YoY,-13.5549,-0.088823855
인하,kr_cpi_change_lag2,0.1809,0.02194527
인하,kr_cpi_change_lag2,0.0774,0.020588813
인하,kr_cpi_change_lag2,-0.0945,0.0074968436
인하,kr_cpi_change_lag2,0.0344,0.01688645
인하,kr_cpi_change_lag2,0.1806,0.021383831
인하,kr_cpi_change_lag2,-0.0601,0.01146178
인하,kr_cpi_change_lag2,0.5238,-0.23191746
인하,kr_cpi_change_lag2,0.3075,0.020898225
인하,kr_cpi_change_lag2,-0.1874,0.014396318
인하,kr_cpi_change_lag2,0.3157,0.022024399
인하,kr_cpi_change_lag2,0.3913,-0.15069002
인하,kr_cpi_change_lag2,0.3135,0.010029016
인하,kr_cpi_change_lag2,0.3378,0.0042065782
인하,WTI 유가 6개월평균,68.5567,0.04123219
인하,WTI 유가 6개월평균,68.2317,0.029870635
인하,WTI 유가 6개월평균,67.0067,0.017152296
인하,WTI 유가 6개월평균,65.895,0.016906518
인하,WTI 유가 6개월평균,65.1817,0.018024325
인하,WTI 유가 6개월평균,64.74,0.015544429
인하,WTI 유가 6개월평균,64.3883,0.011119939
인하,WTI 유가 6개월평균,62.6883,0.016197769
인하,WTI 유가 6개월평균,61.2967,0.01678661
인하,WTI 유가 6개월평균,61.2383,0.016872358
인하,WTI 유가 6개월평균,65.8083,0.011533435
인하,WTI 유가 6개월평균,72.38,0.021202499
인하,WTI 유가 6개월평균,73.7636,0.028905476
인하,미국 연방기금금리 3개월모멘텀,0.0,0.038945943
인하,미국 연방기금금리 3개월모멘텀,0.0,0.027481817
인하,미국 연방기금금리 3개월모멘텀,0.0,0.030790497
인하,미국 연방기금금리 3개월모멘텀,0.0,0.035546068
인하,미국 연방기금금리 3개월모멘텀,-0.11,0.1235179
인하,미국 연방기금금리 3개월모멘텀,-0.24,0.11626576
인하,미국 연방기금금리 3개월모멘텀,-0.45,0.10476896
인하,미국 연방기금금리 3개월모멘텀,-0.5,0.11608455
인하,미국 연방기금금리 3개월모멘텀,-0.45,0.12215837
인하,미국 연방기금금리 3개월모멘텀,-0.24,0.09788101
인하,미국 연방기금금리 3개월모멘텀,-0.08,0.0662909
인하,미국 연방기금금리 3개월모멘텀,0.0,0.0056936103
인하,미국 연방기금금리 3개월모멘텀,-1.8281,0.0316252
인하,WTI 유가,62.17,0.023938304
인하,WTI 유가,68.17,0.014728377
인하,WTI 유가,68.39,0.011569705
인하,WTI 유가,64.86,0.011048526
인하,WTI 유가,63.96,0.012269059
인하,WTI 유가,60.89,0.017437972
인하,WTI 유가,60.06,0.01103987
인하,WTI 유가,57.97,0.020037223
인하,WTI 유가,60.04,0.020341858
인하,WTI 유가,64.51,0.011064134
인하,WTI 유가,91.38,-0.00033955864
인하,WTI 유가,100.32,-0.0029932288
인하,WTI 유가,68.3615,-0.0043082894
인하,미국 연방기금금리 변화율,0.0,0.022262968
인하,미국 연방기금금리 변화율,0.0,0.019144716
인하,미국 연방기금금리 변화율,0.0,0.018820692
인하,미국 연방기금금리 변화율,0.0,0.021848964
인하,미국 연방기금금리 변화율,-0.11,0.060389757
인하,미국 연방기금금리 변화율,-0.13,0.062087808
인하,미국 연방기금금리 변화율,-0.21,0.04812585
인하,미국 연방기금금리 변화율,-0.16,0.055136885
인하,미국 연방기금금리 변화율,-0.08,0.056106023
인하,미국 연방기금금리 변화율,0.0,-0.01621163
인하,미국 연방기금금리 변화율,0.0,-0.023323905
인하,미국 연방기금금리 변화율,0.0,0.00079538
인하,미국 연방기금금리 변화율,-1.8281,0.060658175
인하,WTI 유가 3개월평균,64.65,0.014193564
인하,WTI 유가 3개월평균,64.6267,0.013401567
인하,WTI 유가 3개월평균,66.2433,0.011343339
인하,WTI 유가 3개월평균,67.14,0.009223069
인하,WTI 유가 3개월평균,65.7367,0.014477406
인하,WTI 유가 3개월평균,63.2367,0.014586434
인하,WTI 유가 3개월평균,61.6367,0.014483215
인하,WTI 유가 3개월평균,59.64,0.013893519
인하,WTI 유가 3개월평균,59.3567,0.015004543
인하,WTI 유가 3개월평균,60.84,0.013255425
인하,WTI 유가 3개월평균,71.9767,0.005585418
인하,WTI 유가 3개월평균,85.4033,-0.003793989
인하,WTI 유가 3개월평균,86.6872,-0.0003768971
동결,WTI 유가 YoY,-22.3069,0.033782203
동결,WTI 유가 YoY,-14.5418,0.037890017
동결,WTI 유가 YoY,-16.3936,0.0407022
동결,WTI 유가 YoY,-15.4147,0.04222369
동결,WTI 유가 YoY,-8.9408,0.049211558
동결,WTI 유가 YoY,-15.4188,0.0411695
동결,WTI 유가 YoY,-14.1387,0.049407054
동결,WTI 유가 YoY,-17.3274,0.04137238
동결,WTI 유가 YoY,-20.7288,0.016487526
동결,WTI 유가 YoY,-9.8141,0.04279657
동결,WTI 유가 YoY,33.9097,0.006822553
동결,WTI 유가 YoY,57.8848,0.0027949582
동결,WTI 유가 YoY,9.9589,0.020356588
동결,미국 연방기금금리 6개월모멘텀,-0.31,-0.059861172
동결,미국 연방기금금리 6개월모멘텀,-0.15,-0.042489756
동결,미국 연방기금금리 6개월모멘텀,0.0,-0.01975926
동결,미국 연방기금금리 6개월모멘텀,0.0,-0.020712463
동결,미국 연방기금금리 6개월모멘텀,-0.11,-0.041211724
동결,미국 연방기금금리 6개월모멘텀,-0.24,-0.038452085
동결,미국 연방기금금리 6개월모멘텀,-0.45,-0.04832985
동결,미국 연방기금금리 6개월모멘텀,-0.61,0.05335484
동결,미국 연방기금금리 6개월모멘텀,-0.69,0.030801024
동결,미국 연방기금금리 6개월모멘텀,-0.69,0.058706455
동결,미국 연방기금금리 6개월모멘텀,-0.58,0.033327274
동결,미국 연방기금금리 6개월모멘텀,-0.45,-0.03679534
동결,미국 연방기금금리 6개월모멘텀,-2.0681,0.031180244
동결,한국 소비자물가지수 YoY,1.9018,-5.262991e-05
동결,한국 소비자물가지수 YoY,2.1697,0.039865334
동결,한국 소비자물가지수 YoY,2.0941,0.029033775
동결,한국 소비자물가지수 YoY,1.6675,-0.0040360917
동결,한국 소비자물가지수 YoY,2.102,0.017518556
동결,한국 소비자물가지수 YoY,2.3803,0.019962491
동결,한국 소비자물가지수 YoY,2.4476,0.015364361
동결,한국 소비자물가지수 YoY,2.3149,0.013561587
동결,한국 소비자물가지수 YoY,2.005,0.0060590114
동결,한국 소비자물가지수 YoY,1.9986,0.00010231373
동결,한국 소비자물가지수 YoY,2.1584,0.021617504
동결,한국 소비자물가지수 YoY,2.5692,0.023266982
동결,한국 소비자물가지수 YoY,-10.9121,0.037495352
동결,원/달러 환율 YoY,1.9579,0.0013709487
동결,원/달러 환율 YoY,-1.042,0.3119324
동결,원/달러 환율 YoY,-0.199,-0.00094466156
동결,원/달러 환율 YoY,2.7793,0.042037886
동결,원/달러 환율 YoY,4.675,0.08047482
동결,원/달러 환율 YoY,4.4562,0.09249946
동결,원/달러 환율 YoY,4.6494,0.047439244
동결,원/달러 환율 YoY,1.7611,0.051490758
동결,원/달러 환율 YoY,0.2279,0.008997183
동결,원/달러 환율 YoY,0.173,-0.035882615
동결,원/달러 환율 YoY,2.2059,0.034870096
동결,원/달러 환율 YoY,3.0574,0.042964928
동결,원/달러 환율 YoY,-13.5549,0.3257527
동결,kr_cpi_change_lag2,0.1809,0.08555835
동결,kr_cpi_change_lag2,0.0774,0.060606077
동결,kr_cpi_change_lag2,-0.0945,0.084196135
동결,kr_cpi_change_lag2,0.0344,0.118564874
동결,kr_cpi_change_lag2,0.1806,0.09299839
동결,kr_cpi_change_lag2,-0.0601,0.0793241
동결,kr_cpi_change_lag2,0.5238,-0.040182028
동결,kr_cpi_change_lag2,0.3075,-0.022101182
동결,kr_cpi_change_lag2,-0.1874,0.06290544
동결,kr_cpi_change_lag2,0.3157,-0.04034098
동결,kr_cpi_change_lag2,0.3913,-0.032763816
동결,kr_cpi_change_lag2,0.3135,-0.05695793
동결,kr_cpi_change_lag2,0.3378,-0.011256951
동결,WTI 유가 6개월평균,68.5567,-0.124810115
동결,WTI 유가 6개월평균,68.2317,-0.0527467
동결,WTI 유가 6개월평균,67.0067,-0.046150394
동결,WTI 유가 6개월평균,65.895,-0.04379872
동결,WTI 유가 6개월평균,65.1817,0.04724084
동결,WTI 유가 6개월평균,64.74,0.043882076
동결,WTI 유가 6개월평균,64.3883,0.060863815
동결,WTI 유가 6개월평균,62.6883,0.074313514
동결,WTI 유가 6개월평균,61.2967,0.06443226
동결,WTI 유가 6개월평균,61.2383,0.07274269
동결,WTI 유가 6개월평균,65.8083,-0.032724243
동결,WTI 유가 6개월평균,72.38,-0.07830079
동결,WTI 유가 6개월평균,73.7636,-0.046985496
동결,미국 연방기금금리 3개월모멘텀,0.0,-0.02730708
동결,미국 연방기금금리 3개월모멘텀,0.0,-0.023219613
동결,미국 연방기금금리 3개월모멘텀,0.0,-0.021972628
동결,미국 연방기금금리 3개월모멘텀,0.0,-0.023845784
동결,미국 연방기금금리 3개월모멘텀,-0.11,-0.02881222
동결,미국 연방기금금리 3개월모멘텀,-0.24,-0.025651656
동결,미국 연방기금금리 3개월모멘텀,-0.45,-0.021281503
동결,미국 연방기금금리 3개월모멘텀,-0.5,-0.020979328
동결,미국 연방기금금리 3개월모멘텀,-0.45,-0.022745555
동결,미국 연방기금금리 3개월모멘텀,-0.24,-0.021918979
동결,미국 연방기금금리 3개월모멘텀,-0.08,-0.024669496
동결,미국 연방기금금리 3개월모멘텀,0.0,-0.012924502
동결,미국 연방기금금리 3개월모멘텀,-1.8281,-0.0066729304
동결,WTI 유가,62.17,-0.01892183
동결,WTI 유가,68.17,0.006002498
동결,WTI 유가,68.39,-0.0095062675
동결,WTI 유가,64.86,-0.0065612905
동결,WTI 유가,63.96,-0.0045258477
동결,WTI 유가,60.89,-0.011204034
동결,WTI 유가,60.06,-0.008095586
동결,WTI 유가,57.97,-0.0052067307
동결,WTI 유가,60.04,-0.0043315957
동결,WTI 유가,64.51,0.00031300506
동결,WTI 유가,91.38,0.0009981372
동결,WTI 유가,100.32,0.005295139
동결,WTI 유가,68.3615,0.012789047
동결,미국 연방기금금리 변화율,0.0,-0.005306237
동결,미국 연방기금금리 변화율,0.0,0.00070801243
동결,미국 연방기금금리 변화율,0.0,-0.0022331206
동결,미국 연방기금금리 변화율,0.0,-0.003289309
동결,미국 연방기금금리 변화율,-0.11,-0.022403717
동결,미국 연방기금금리 변화율,-0.13,-0.024984648
동결,미국 연방기금금리 변화율,-0.21,-0.013060402
동결,미국 연방기금금리 변화율,-0.16,-0.0042711757
동결,미국 연방기금금리 변화율,-0.08,-0.021370253
동결,미국 연방기금금리 변화율,0.0,0.000191916
동결,미국 연방기금금리 변화율,0.0,0.00032874645
동결,미국 연방기금금리 변화율,0.0,0.001590852
동결,미국 연방기금금리 변화율,-1.8281,-0.012336591
동결,WTI 유가 3개월평균,64.65,-0.0074496195
동결,WTI 유가 3개월평균,64.6267,-0.0041567455
동결,WTI 유가 3개월평균,66.2433,-0.005054187
동결,WTI 유가 3개월평균,67.14,-0.011025817
동결,WTI 유가 3개월평균,65.7367,0.003427883
동결,WTI 유가 3개월평균,63.2367,0.003961803
동결,WTI 유가 3개월평균,61.6367,0.0012914366
동결,WTI 유가 3개월평균,59.64,0.0047308635
동결,WTI 유가 3개월평균,59.3567,0.004836999
동결,WTI 유가 3개월평균,60.84,0.0045634937
동결,WTI 유가 3개월평균,71.9767,-0.018567275
동결,WTI 유가 3개월평균,85.4033,0.10502807
동결,WTI 유가 3개월평균,86.6872,0.07247288
인상,WTI 유가 YoY,-22.3069,-0.25300202
인상,WTI 유가 YoY,-14.5418,-0.22285253
인상,WTI 유가 YoY,-16.3936,-0.25738412
인상,WTI 유가 YoY,-15.4147,-0.2593993
인상,WTI 유가 YoY,-8.9408,-0.24903525
인상,WTI 유가 YoY,-15.4188,-0.2424742
인상,WTI 유가 YoY,-14.1387,-0.25659335
인상,WTI 유가 YoY,-17.3274,-0.24959837
인상,WTI 유가 YoY,-20.7288,-0.24055144
인상,WTI 유가 YoY,-9.8141,-0.25172085
인상,WTI 유가 YoY,33.9097,0.21787283
인상,WTI 유가 YoY,57.8848,0.2432241
인상,WTI 유가 YoY,9.9589,0.10676746
인상,미국 연방기금금리 6개월모멘텀,-0.31,-0.057069696
인상,미국 연방기금금리 6개월모멘텀,-0.15,-0.051197965
인상,미국 연방기금금리 6개월모멘텀,0.0,-0.02966964
인상,미국 연방기금금리 6개월모멘텀,0.0,-0.028187824
인상,미국 연방기금금리 6개월모멘텀,-0.11,-0.057069696
인상,미국 연방기금금리 6개월모멘텀,-0.24,-0.05798734
인상,미국 연방기금금리 6개월모멘텀,-0.45,-0.061828624
인상,미국 연방기금금리 6개월모멘텀,-0.61,-0.05690936
인상,미국 연방기금금리 6개월모멘텀,-0.69,-0.05790357
인상,미국 연방기금금리 6개월모멘텀,-0.69,-0.056985926
인상,미국 연방기금금리 6개월모멘텀,-0.58,-0.18026789
인상,미국 연방기금금리 6개월모멘텀,-0.45,-0.19022234
인상,미국 연방기금금리 6개월모멘텀,-2.0681,-0.09204073
인상,한국 소비자물가지수 YoY,1.9018,-0.08551696
인상,한국 소비자물가지수 YoY,2.1697,-0.0867064
인상,한국 소비자물가지수 YoY,2.0941,-0.083570115
인상,한국 소비자물가지수 YoY,1.6675,-0.09396631
인상,한국 소비자물가지수 YoY,2.102,-0.08743337
인상,한국 소비자물가지수 YoY,2.3803,-0.08651071
인상,한국 소비자물가지수 YoY,2.4476,-0.08666402
인상,한국 소비자물가지수 YoY,2.3149,-0.08743337
인상,한국 소비자물가지수 YoY,2.005,-0.084100366
인상,한국 소비자물가지수 YoY,1.9986,-0.08496813
인상,한국 소비자물가지수 YoY,2.1584,-0.11880702
인상,한국 소비자물가지수 YoY,2.5692,-0.10159201
인상,한국 소비자물가지수 YoY,-10.9121,-0.14634448
인상,원/달러 환율 YoY,1.9579,-0.0069890744
인상,원/달러 환율 YoY,-1.042,-0.03257939
인상,원/달러 환율 YoY,-0.199,0.0007841428
인상,원/달러 환율 YoY,2.7793,-0.0071619186
인상,원/달러 환율 YoY,4.675,-0.007889543
인상,원/달러 환율 YoY,4.4562,-0.008460186
인상,원/달러 환율 YoY,4.6494,-0.010108
인상,원/달러 환율 YoY,1.7611,-0.0067620627
인상,원/달러 환율 YoY,0.2279,0.008491475
인상,원/달러 환율 YoY,0.173,0.009320737
인상,원/달러 환율 YoY,2.2059,-0.0063443547
인상,원/달러 환율 YoY,3.0574,-0.01048244
인상,원/달러 환율 YoY,-13.5549,-0.07795585
인상,kr_cpi_change_lag2,0.1809,-0.03133767
인상,kr_cpi_change_lag2,0.0774,-0.035744425
인상,kr_cpi_change_lag2,-0.0945,-0.039914515
인상,kr_cpi_change_lag2,0.0344,-0.038240183
인상,kr_cpi_change_lag2,0.1806,-0.029488966
인상,kr_cpi_change_lag2,-0.0601,-0.036097307
인상,kr_cpi_change_lag2,0.5238,0.016273864
인상,kr_cpi_change_lag2,0.3075,-0.027329894
인상,kr_cpi_change_lag2,-0.1874,-0.03969664
인상,kr_cpi_change_lag2,0.3157,-0.029852597
인상,kr_cpi_change_lag2,0.3913,-0.025981136
인상,kr_cpi_change_lag2,0.3135,-0.028511278
인상,kr_cpi_change_lag2,0.3378,-0.02939417
인상,WTI 유가 6개월평균,68.5567,-0.022638623
인상,WTI 유가 6개월평균,68.2317,-0.02487514
인상,WTI 유가 6개월평균,67.0067,-0.023771275
인상,WTI 유가 6개월평균,65.895,-0.023670135
인상,WTI 유가 6개월평균,65.1817,-0.02457443
인상,WTI 유가 6개월평균,64.74,-0.024556624
인상,WTI 유가 6개월평균,64.3883,-0.024304193
인상,WTI 유가 6개월평균,62.6883,-0.026872402
인상,WTI 유가 6개월평균,61.2967,-0.026931163
인상,WTI 유가 6개월평균,61.2383,-0.02694897
인상,WTI 유가 6개월평균,65.8083,-0.02335608
인상,WTI 유가 6개월평균,72.38,-0.0072822548
인상,WTI 유가 6개월평균,73.7636,-0.017410122
인상,미국 연방기금금리 3개월모멘텀,0.0,-0.0014707984
인상,미국 연방기금금리 3개월모멘텀,0.0,-0.0014707984
인상,미국 연방기금금리 3개월모멘텀,0.0,-0.0014707984
인상,미국 연방기금금리 3개월모멘텀,0.0,-0.0016692304
인상,미국 연방기금금리 3개월모멘텀,-0.11,-0.0045042015
인상,미국 연방기금금리 3개월모멘텀,-0.24,-0.0045042015
인상,미국 연방기금금리 3개월모멘텀,-0.45,-0.0045042015
인상,미국 연방기금금리 3개월모멘텀,-0.5,-0.0045042015
인상,미국 연방기금금리 3개월모멘텀,-0.45,-0.0045042015
인상,미국 연방기금금리 3개월모멘텀,-0.24,-0.0045042015
인상,미국 연방기금금리 3개월모멘텀,-0.08,-0.00950078
인상,미국 연방기금금리 3개월모멘텀,0.0,-0.010143452
인상,미국 연방기금금리 3개월모멘텀,-1.8281,-0.0056684
인상,WTI 유가,62.17,-0.061033804
인상,WTI 유가,68.17,-0.06092877
인상,WTI 유가,68.39,-0.066369906
인상,WTI 유가,64.86,-0.068351425
인상,WTI 유가,63.96,-0.06132553
인상,WTI 유가,60.89,-0.060588237
인상,WTI 유가,60.06,-0.060945023
인상,WTI 유가,57.97,-0.06132553
인상,WTI 유가,60.04,-0.061263923
인상,WTI 유가,64.51,-0.06198976
인상,WTI 유가,91.38,0.058403883
인상,WTI 유가,100.32,0.05557611
인상,WTI 유가,68.3615,-0.10822983
인상,미국 연방기금금리 변화율,0.0,-0.019744633
인상,미국 연방기금금리 변화율,0.0,-0.020642236
인상,미국 연방기금금리 변화율,0.0,-0.02097648
인상,미국 연방기금금리 변화율,0.0,-0.018711537
인상,미국 연방기금금리 변화율,-0.11,-0.022307292
인상,미국 연방기금금리 변화율,-0.13,-0.022206394
인상,미국 연방기금금리 변화율,-0.21,-0.023218375
인상,미국 연방기금금리 변화율,-0.16,-0.02289311
인상,미국 연방기금금리 변화율,-0.08,-0.020247184
인상,미국 연방기금금리 변화율,0.0,-0.019300437
인상,미국 연방기금금리 변화율,0.0,-0.053988762
인상,미국 연방기금금리 변화율,0.0,-0.059666425
인상,미국 연방기금금리 변화율,-1.8281,-0.044056103
인상,WTI 유가 3개월평균,64.65,-0.019505553
인상,WTI 유가 3개월평균,64.6267,-0.019882724
인상,WTI 유가 3개월평균,66.2433,-0.019441787
인상,WTI 유가 3개월평균,67.14,-0.018506767
인상,WTI 유가 3개월평균,65.7367,-0.019397344
인상,WTI 유가 3개월평균,63.2367,-0.019640416
인상,WTI 유가 3개월평균,61.6367,-0.019369222
인상,WTI 유가 3개월평균,59.64,-0.019397344
인상,WTI 유가 3개월평균,59.3567,-0.018875621
인상,WTI 유가 3개월평균,60.84,-0.01863255
인상,WTI 유가 3개월평균,71.9767,0.03283059
인상,WTI 유가 3개월평균,85.4033,-0.0020842492
인상,WTI 유가 3개월평균,86.6872,0.007266757
